{"blur":21.22222222222222,"hueStart":0.0,"hueStop":180.0,"saturationStart":0.0,"saturationStop":255.0,"valueStart":41.90476190476191,"valueStop":131.54761904761904}