{"blur":21.22222222222222,"hueStart":32.857142857142854,"hueStop":180.0,"saturationStart":0.0,"saturationStop":255.0,"valueStart":84.40476190476191,"valueStop":131.54761904761904}