{"blur":15.388888888888888,"hueStart":48.57142857142857,"hueStop":180.0,"saturationStart":0.0,"saturationStop":255.0,"valueStart":103.21428571428572,"valueStop":255.0,"Y_MIN":0.0,"Y_MAX":0.0,"Cr_MIN":0.0,"Cr_MAX":0.0,"Cb_MIN":0.0,"Cb_MAX":0.0,"cr_MAX":0.0,"cr_MIN":0.0,"cb_MAX":0.0,"cb_MIN":0.0,"y_MAX":0.0,"y_MIN":0.0}